drop database if exists cis2232_catch_phrase;
create database cis2232_catch_phrase;
use cis2232_catch_phrase;

/*create a user in database*/
grant select, insert, update, delete, alter on cis2232_catch_phrase.*
to 'cis2232_admin'@'localhost'
identified by 'Test1234';
flush privileges;

-- phpMyAdmin SQL Dump
-- version 4.5.1
-- http://www.phpmyadmin.net
--
-- Host: 127.0.0.1
-- Generation Time: Dec 15, 2016 at 08:56 PM
-- Server version: 10.1.16-MariaDB
-- PHP Version: 5.6.24

SET SQL_MODE = "NO_AUTO_VALUE_ON_ZERO";
SET time_zone = "+00:00";


/*!40101 SET @OLD_CHARACTER_SET_CLIENT=@@CHARACTER_SET_CLIENT */;
/*!40101 SET @OLD_CHARACTER_SET_RESULTS=@@CHARACTER_SET_RESULTS */;
/*!40101 SET @OLD_COLLATION_CONNECTION=@@COLLATION_CONNECTION */;
/*!40101 SET NAMES utf8mb4 */;

--
-- Database: `cis2232_catch_phrase`
--

-- --------------------------------------------------------

--
-- Table structure for table `codetype`
--

CREATE TABLE `codetype` (
  `CodeTypeId` int(3) NOT NULL COMMENT 'This is the primary key for code types',
  `englishDescription` varchar(100) NOT NULL COMMENT 'English description',
  `frenchDescription` varchar(100) DEFAULT NULL COMMENT 'French description',
  `createdDateTime` datetime DEFAULT NULL,
  `createdUserId` varchar(20) DEFAULT NULL,
  `updatedDateTime` datetime DEFAULT NULL,
  `updatedUserId` varchar(20) DEFAULT NULL
) ENGINE=InnoDB DEFAULT CHARSET=latin1 COMMENT='This hold the code types that are available for the applicat';

--
-- Dumping data for table `codetype`
--

INSERT INTO `codetype` (`CodeTypeId`, `englishDescription`, `frenchDescription`, `createdDateTime`, `createdUserId`, `updatedDateTime`, `updatedUserId`) VALUES
(1, 'User Types', 'User Types FR', '2016-11-26 11:48:12', '', '2016-11-26 11:48:12', ''),
(29, 'Animals', '', '2016-11-30 09:05:06', 'test', '2016-12-04 13:56:18', 'test'),
(30, 'Vegetables', '', '2016-11-30 09:05:19', 'test', '2016-11-30 09:05:19', 'test'),
(31, 'Birds', '', '2016-11-30 09:05:35', 'test', '2016-11-30 09:07:55', 'test'),
(32, 'Apples', '', '2016-11-30 09:05:51', 'test', '2016-11-30 09:05:51', 'test'),
(34, 'Tester', '', '2016-11-30 09:07:23', 'test', '2016-11-30 09:07:23', 'test'),
(35, 'Numbers', '', '2016-12-04 14:33:58', 'test', '2016-12-04 14:33:58', 'test'),
(36, 'Kid Words', '', '2016-12-12 14:49:47', 'test', '2016-12-12 14:49:47', 'test'),
(37, 'Random - Medium Difficulty', '', '2016-12-15 15:55:27', 'test', '2016-12-15 15:55:27', 'test');

-- --------------------------------------------------------

--
-- Table structure for table `codevalue`
--

CREATE TABLE `codevalue` (
  `codeTypeId` int(3) NOT NULL COMMENT 'see code_type table',
  `codeValueSequence` int(3) NOT NULL,
  `englishDescription` varchar(100) NOT NULL COMMENT 'English description',
  `englishDescriptionShort` varchar(20) NOT NULL COMMENT 'English abbreviation for description',
  `frenchDescription` varchar(100) DEFAULT NULL COMMENT 'French description',
  `frenchDescriptionShort` varchar(20) DEFAULT NULL COMMENT 'French abbreviation for description',
  `createdDateTime` datetime DEFAULT NULL,
  `createdUserId` varchar(20) DEFAULT NULL,
  `updatedDateTime` datetime DEFAULT NULL,
  `updatedUserId` varchar(20) DEFAULT NULL
) ENGINE=InnoDB DEFAULT CHARSET=latin1 COMMENT='This will hold code values for the application.';

--
-- Dumping data for table `codevalue`
--

INSERT INTO `codevalue` (`codeTypeId`, `codeValueSequence`, `englishDescription`, `englishDescriptionShort`, `frenchDescription`, `frenchDescriptionShort`, `createdDateTime`, `createdUserId`, `updatedDateTime`, `updatedUserId`) VALUES
(1, 1, 'General', 'General', 'GeneralFR', 'GeneralFR', '2015-10-25 18:44:37', 'admin', '2015-10-25 18:44:37', 'admin'),
(1, 2, 'Admin', 'Admin', 'Admin', 'Admin', '2015-10-25 18:44:37', 'admin', '2015-10-25 18:44:37', 'admin'),
(30, 399, 'Potato', 'Potato', NULL, NULL, '2016-11-30 09:05:19', 'test', '2016-11-30 09:05:19', 'test'),
(30, 400, 'Carrots', 'Carrots', NULL, NULL, '2016-11-30 09:05:19', 'test', '2016-11-30 09:05:19', 'test'),
(30, 401, 'Tomatoes', 'Tomatoes', NULL, NULL, '2016-11-30 09:05:19', 'test', '2016-11-30 09:05:19', 'test'),
(30, 402, 'Celery', 'Celery', NULL, NULL, '2016-11-30 09:05:19', 'test', '2016-11-30 09:05:19', 'test'),
(30, 403, 'Broccoli', 'Broccoli', NULL, NULL, '2016-11-30 09:05:19', 'test', '2016-11-30 09:05:19', 'test'),
(32, 410, 'Gala', 'Gala', NULL, NULL, '2016-11-30 09:05:51', 'test', '2016-11-30 09:05:51', 'test'),
(32, 411, 'Cortland', 'Cortland', NULL, NULL, '2016-11-30 09:05:51', 'test', '2016-11-30 09:05:51', 'test'),
(32, 412, 'Honey Crisp', 'Honey Crisp', NULL, NULL, '2016-11-30 09:05:51', 'test', '2016-11-30 09:05:51', 'test'),
(32, 413, 'Empire', 'Empire', NULL, NULL, '2016-11-30 09:05:51', 'test', '2016-11-30 09:05:51', 'test'),
(34, 423, 'Broken', 'Broken', NULL, NULL, '2016-11-30 09:07:23', 'test', '2016-11-30 09:07:23', 'test'),
(34, 424, 'Not Broken', 'Not Broken', NULL, NULL, '2016-11-30 09:07:23', 'test', '2016-11-30 09:07:23', 'test'),
(34, 425, 'Maybe Broken', 'Maybe Broken', NULL, NULL, '2016-11-30 09:07:23', 'test', '2016-11-30 09:07:23', 'test'),
(34, 426, 'Let''s See', 'Let''s See', NULL, NULL, '2016-11-30 09:07:23', 'test', '2016-11-30 09:07:23', 'test'),
(31, 427, 'Pigeon', 'Pigeon', NULL, NULL, '2016-11-30 09:05:35', 'test', '2016-11-30 09:07:55', 'test'),
(31, 428, 'Seagull', 'Seagull', NULL, NULL, '2016-11-30 09:05:35', 'test', '2016-11-30 09:07:55', 'test'),
(31, 429, 'Pelican', 'Pelican', NULL, NULL, '2016-11-30 09:05:35', 'test', '2016-11-30 09:07:55', 'test'),
(31, 430, 'Hawk', 'Hawk', NULL, NULL, '2016-11-30 09:05:35', 'test', '2016-11-30 09:07:55', 'test'),
(31, 431, 'Falcon', 'Falcon', NULL, NULL, '2016-11-30 09:05:35', 'test', '2016-11-30 09:07:55', 'test'),
(31, 432, 'Eagle', 'Eagle', NULL, NULL, '2016-11-30 09:05:35', 'test', '2016-11-30 09:07:55', 'test'),
(31, 433, 'Hot Dog', 'Hot Dog', NULL, NULL, '2016-11-30 09:05:35', 'test', '2016-11-30 09:07:55', 'test'),
(31, 434, 'Bird with arms', 'Bird with arms', NULL, NULL, '2016-11-30 09:05:35', 'test', '2016-11-30 09:07:55', 'test'),
(31, 435, 'Birdpeople', 'Birdpeople', NULL, NULL, '2016-11-30 09:05:35', 'test', '2016-11-30 09:07:55', 'test'),
(29, 436, 'Cats', 'Cats', NULL, NULL, '2016-11-30 09:05:06', 'test', '2016-12-04 13:56:18', 'test'),
(29, 437, 'Dogs', 'Dogs', NULL, NULL, '2016-11-30 09:05:06', 'test', '2016-12-04 13:56:18', 'test'),
(29, 438, 'Penguins', 'Penguins', NULL, NULL, '2016-11-30 09:05:06', 'test', '2016-12-04 13:56:18', 'test'),
(29, 439, 'Birds', 'Birds', NULL, NULL, '2016-11-30 09:05:06', 'test', '2016-12-04 13:56:18', 'test'),
(29, 440, 'Other Birds', 'Other Birds', NULL, NULL, '2016-11-30 09:05:06', 'test', '2016-12-04 13:56:18', 'test'),
(29, 441, 'French Fries', 'French Fries', NULL, NULL, '2016-11-30 09:05:06', 'test', '2016-12-04 13:56:18', 'test'),
(29, 442, 'Nannies', 'Nannies', NULL, NULL, '2016-11-30 09:05:06', 'test', '2016-12-04 13:56:18', 'test'),
(29, 443, 'Sammies', 'Sammies', NULL, NULL, '2016-11-30 09:05:06', 'test', '2016-12-04 13:56:18', 'test'),
(29, 444, 'Keegan', 'Keegan', NULL, NULL, '2016-11-30 09:05:06', 'test', '2016-12-04 13:56:18', 'test'),
(29, 445, 'Zachery', 'Zachery', NULL, NULL, '2016-11-30 09:05:06', 'test', '2016-12-04 13:56:18', 'test'),
(29, 446, 'Chelsey', 'Chelsey', NULL, NULL, '2016-11-30 09:05:06', 'test', '2016-12-04 13:56:18', 'test'),
(29, 447, 'Kyle', 'Kyle', NULL, NULL, '2016-11-30 09:05:06', 'test', '2016-12-04 13:56:18', 'test'),
(29, 448, 'Nana', 'Nana', NULL, NULL, '2016-11-30 09:05:06', 'test', '2016-12-04 13:56:18', 'test'),
(29, 449, 'Jace', 'Jace', NULL, NULL, '2016-11-30 09:05:06', 'test', '2016-12-04 13:56:18', 'test'),
(29, 450, 'Jax', 'Jax', NULL, NULL, '2016-11-30 09:05:06', 'test', '2016-12-04 13:56:18', 'test'),
(29, 451, 'Lion', 'Lion', NULL, NULL, '2016-11-30 09:05:06', 'test', '2016-12-04 13:56:18', 'test'),
(29, 452, 'Tiger', 'Tiger', NULL, NULL, '2016-11-30 09:05:06', 'test', '2016-12-04 13:56:18', 'test'),
(29, 453, 'Cheetah', 'Cheetah', NULL, NULL, '2016-11-30 09:05:06', 'test', '2016-12-04 13:56:18', 'test'),
(29, 454, 'Leaopard', 'Leaopard', NULL, NULL, '2016-11-30 09:05:06', 'test', '2016-12-04 13:56:18', 'test'),
(29, 455, 'Jaguar', 'Jaguar', NULL, NULL, '2016-11-30 09:05:06', 'test', '2016-12-04 13:56:18', 'test'),
(29, 456, 'Cat', 'Cat', NULL, NULL, '2016-11-30 09:05:06', 'test', '2016-12-04 13:56:18', 'test'),
(29, 457, 'Panther', 'Panther', NULL, NULL, '2016-11-30 09:05:06', 'test', '2016-12-04 13:56:18', 'test'),
(29, 458, 'Cow', 'Cow', NULL, NULL, '2016-11-30 09:05:06', 'test', '2016-12-04 13:56:18', 'test'),
(29, 459, 'Calf', 'Calf', NULL, NULL, '2016-11-30 09:05:06', 'test', '2016-12-04 13:56:18', 'test'),
(29, 460, 'Horse', 'Horse', NULL, NULL, '2016-11-30 09:05:06', 'test', '2016-12-04 13:56:18', 'test'),
(29, 461, 'Lamb', 'Lamb', NULL, NULL, '2016-11-30 09:05:06', 'test', '2016-12-04 13:56:18', 'test'),
(29, 462, 'Goat', 'Goat', NULL, NULL, '2016-11-30 09:05:06', 'test', '2016-12-04 13:56:18', 'test'),
(29, 463, 'Dog', 'Dog', NULL, NULL, '2016-11-30 09:05:06', 'test', '2016-12-04 13:56:18', 'test'),
(29, 464, 'Sheep', 'Sheep', NULL, NULL, '2016-11-30 09:05:06', 'test', '2016-12-04 13:56:18', 'test'),
(29, 465, 'Dinosaur', 'Dinosaur', NULL, NULL, '2016-11-30 09:05:06', 'test', '2016-12-04 13:56:18', 'test'),
(29, 466, 'Chicken', 'Chicken', NULL, NULL, '2016-11-30 09:05:06', 'test', '2016-12-04 13:56:18', 'test'),
(29, 467, 'Rooster', 'Rooster', NULL, NULL, '2016-11-30 09:05:06', 'test', '2016-12-04 13:56:18', 'test'),
(29, 468, 'Hen', 'Hen', NULL, NULL, '2016-11-30 09:05:06', 'test', '2016-12-04 13:56:18', 'test'),
(29, 469, 'Deer', 'Deer', NULL, NULL, '2016-11-30 09:05:06', 'test', '2016-12-04 13:56:18', 'test'),
(29, 470, 'Moose', 'Moose', NULL, NULL, '2016-11-30 09:05:06', 'test', '2016-12-04 13:56:18', 'test'),
(29, 471, 'Bear', 'Bear', NULL, NULL, '2016-11-30 09:05:06', 'test', '2016-12-04 13:56:18', 'test'),
(29, 472, 'Baby bear', 'Baby bear', NULL, NULL, '2016-11-30 09:05:06', 'test', '2016-12-04 13:56:18', 'test'),
(29, 473, 'Yak', 'Yak', NULL, NULL, '2016-11-30 09:05:06', 'test', '2016-12-04 13:56:18', 'test'),
(29, 474, 'Fish', 'Fish', NULL, NULL, '2016-11-30 09:05:06', 'test', '2016-12-04 13:56:18', 'test'),
(29, 475, 'shhark', 'shhark', NULL, NULL, '2016-11-30 09:05:06', 'test', '2016-12-04 13:56:18', 'test'),
(29, 476, 'Trout', 'Trout', NULL, NULL, '2016-11-30 09:05:06', 'test', '2016-12-04 13:56:18', 'test'),
(29, 477, 'Salmon', 'Salmon', NULL, NULL, '2016-11-30 09:05:06', 'test', '2016-12-04 13:56:18', 'test'),
(29, 478, 'Walrus', 'Walrus', NULL, NULL, '2016-11-30 09:05:06', 'test', '2016-12-04 13:56:18', 'test'),
(29, 479, 'Seal', 'Seal', NULL, NULL, '2016-11-30 09:05:06', 'test', '2016-12-04 13:56:18', 'test'),
(29, 480, 'Whale', 'Whale', NULL, NULL, '2016-11-30 09:05:06', 'test', '2016-12-04 13:56:18', 'test'),
(29, 481, 'Dolphin', 'Dolphin', NULL, NULL, '2016-11-30 09:05:06', 'test', '2016-12-04 13:56:18', 'test'),
(29, 482, 'Antelope', 'Antelope', NULL, NULL, '2016-11-30 09:05:06', 'test', '2016-12-04 13:56:18', 'test'),
(29, 483, 'Bobcat', 'Bobcat', NULL, NULL, '2016-11-30 09:05:06', 'test', '2016-12-04 13:56:18', 'test'),
(29, 484, 'Cougar', 'Cougar', NULL, NULL, '2016-11-30 09:05:06', 'test', '2016-12-04 13:56:18', 'test'),
(29, 485, 'Snake', 'Snake', NULL, NULL, '2016-11-30 09:05:06', 'test', '2016-12-04 13:56:18', 'test'),
(29, 486, 'Monkey', 'Monkey', NULL, NULL, '2016-11-30 09:05:06', 'test', '2016-12-04 13:56:18', 'test'),
(29, 487, 'Gorilla', 'Gorilla', NULL, NULL, '2016-11-30 09:05:06', 'test', '2016-12-04 13:56:18', 'test'),
(29, 488, 'Chimp', 'Chimp', NULL, NULL, '2016-11-30 09:05:06', 'test', '2016-12-04 13:56:18', 'test'),
(29, 489, 'Jellyfish', 'Jellyfish', NULL, NULL, '2016-11-30 09:05:06', 'test', '2016-12-04 13:56:18', 'test'),
(35, 490, '1', '1', NULL, NULL, '2016-12-04 14:33:59', 'test', '2016-12-04 14:33:59', 'test'),
(35, 491, '2', '2', NULL, NULL, '2016-12-04 14:33:59', 'test', '2016-12-04 14:33:59', 'test'),
(35, 492, '3', '3', NULL, NULL, '2016-12-04 14:33:59', 'test', '2016-12-04 14:33:59', 'test'),
(35, 493, '4', '4', NULL, NULL, '2016-12-04 14:33:59', 'test', '2016-12-04 14:33:59', 'test'),
(35, 494, '5', '5', NULL, NULL, '2016-12-04 14:33:59', 'test', '2016-12-04 14:33:59', 'test'),
(35, 495, '6', '6', NULL, NULL, '2016-12-04 14:33:59', 'test', '2016-12-04 14:33:59', 'test'),
(35, 496, '7', '7', NULL, NULL, '2016-12-04 14:33:59', 'test', '2016-12-04 14:33:59', 'test'),
(35, 497, '8', '8', NULL, NULL, '2016-12-04 14:33:59', 'test', '2016-12-04 14:33:59', 'test'),
(35, 498, '9', '9', NULL, NULL, '2016-12-04 14:33:59', 'test', '2016-12-04 14:33:59', 'test'),
(35, 499, '10', '10', NULL, NULL, '2016-12-04 14:33:59', 'test', '2016-12-04 14:33:59', 'test'),
(35, 500, '11', '11', NULL, NULL, '2016-12-04 14:33:59', 'test', '2016-12-04 14:33:59', 'test'),
(35, 501, '12', '12', NULL, NULL, '2016-12-04 14:33:59', 'test', '2016-12-04 14:33:59', 'test'),
(35, 502, '13', '13', NULL, NULL, '2016-12-04 14:33:59', 'test', '2016-12-04 14:33:59', 'test'),
(35, 503, '15', '15', NULL, NULL, '2016-12-04 14:33:59', 'test', '2016-12-04 14:33:59', 'test'),
(35, 504, '14', '14', NULL, NULL, '2016-12-04 14:33:59', 'test', '2016-12-04 14:33:59', 'test'),
(36, 505, 'Guitar', 'Guitar', NULL, NULL, '2016-12-12 14:49:47', 'test', '2016-12-12 14:49:47', 'test'),
(36, 506, 'Beetle', 'Beetle', NULL, NULL, '2016-12-12 14:49:47', 'test', '2016-12-12 14:49:47', 'test'),
(36, 507, 'Phone', 'Phone', NULL, NULL, '2016-12-12 14:49:47', 'test', '2016-12-12 14:49:47', 'test'),
(36, 508, 'Television', 'Television', NULL, NULL, '2016-12-12 14:49:47', 'test', '2016-12-12 14:49:47', 'test'),
(36, 509, 'Zebra', 'Zebra', NULL, NULL, '2016-12-12 14:49:47', 'test', '2016-12-12 14:49:47', 'test'),
(36, 510, 'Playstation', 'Playstation', NULL, NULL, '2016-12-12 14:49:47', 'test', '2016-12-12 14:49:47', 'test'),
(36, 511, 'Fan', 'Fan', NULL, NULL, '2016-12-12 14:49:47', 'test', '2016-12-12 14:49:47', 'test'),
(36, 512, 'Teen TItans', 'Teen TItans', NULL, NULL, '2016-12-12 14:49:47', 'test', '2016-12-12 14:49:47', 'test'),
(36, 513, 'Lolly', 'Lolly', NULL, NULL, '2016-12-12 14:49:47', 'test', '2016-12-12 14:49:47', 'test'),
(36, 514, 'Gem', 'Gem', NULL, NULL, '2016-12-12 14:49:47', 'test', '2016-12-12 14:49:47', 'test'),
(36, 515, 'Spiderman', 'Spiderman', NULL, NULL, '2016-12-12 14:49:47', 'test', '2016-12-12 14:49:47', 'test'),
(36, 516, 'Computer', 'Computer', NULL, NULL, '2016-12-12 14:49:47', 'test', '2016-12-12 14:49:47', 'test'),
(36, 517, 'Bed', 'Bed', NULL, NULL, '2016-12-12 14:49:47', 'test', '2016-12-12 14:49:47', 'test'),
(36, 518, 'Cereal', 'Cereal', NULL, NULL, '2016-12-12 14:49:47', 'test', '2016-12-12 14:49:47', 'test'),
(36, 519, 'Bagel', 'Bagel', NULL, NULL, '2016-12-12 14:49:47', 'test', '2016-12-12 14:49:47', 'test'),
(36, 520, 'Lamp', 'Lamp', NULL, NULL, '2016-12-12 14:49:47', 'test', '2016-12-12 14:49:47', 'test'),
(36, 521, 'Youtube', 'Youtube', NULL, NULL, '2016-12-12 14:49:47', 'test', '2016-12-12 14:49:47', 'test'),
(36, 522, 'Netflix', 'Netflix', NULL, NULL, '2016-12-12 14:49:47', 'test', '2016-12-12 14:49:47', 'test'),
(36, 523, 'Recess', 'Recess', NULL, NULL, '2016-12-12 14:49:47', 'test', '2016-12-12 14:49:47', 'test'),
(36, 524, 'Lunch', 'Lunch', NULL, NULL, '2016-12-12 14:49:47', 'test', '2016-12-12 14:49:47', 'test'),
(36, 525, 'Mrs Wolfe.', 'Mrs Wolfe.', NULL, NULL, '2016-12-12 14:49:47', 'test', '2016-12-12 14:49:47', 'test'),
(36, 526, 'Mrs Harris', 'Mrs Harris', NULL, NULL, '2016-12-12 14:49:47', 'test', '2016-12-12 14:49:47', 'test'),
(36, 527, 'Clothes', 'Clothes', NULL, NULL, '2016-12-12 14:49:47', 'test', '2016-12-12 14:49:47', 'test'),
(36, 528, 'Bath', 'Bath', NULL, NULL, '2016-12-12 14:49:47', 'test', '2016-12-12 14:49:47', 'test'),
(36, 529, 'Run', 'Run', NULL, NULL, '2016-12-12 14:49:47', 'test', '2016-12-12 14:49:47', 'test'),
(36, 530, 'Walk', 'Walk', NULL, NULL, '2016-12-12 14:49:47', 'test', '2016-12-12 14:49:47', 'test'),
(36, 531, 'Soccer', 'Soccer', NULL, NULL, '2016-12-12 14:49:47', 'test', '2016-12-12 14:49:47', 'test'),
(36, 532, 'Mineral', 'Mineral', NULL, NULL, '2016-12-12 14:49:47', 'test', '2016-12-12 14:49:47', 'test'),
(36, 533, 'Ball', 'Ball', NULL, NULL, '2016-12-12 14:49:47', 'test', '2016-12-12 14:49:47', 'test'),
(37, 534, 'taxi cab', 'taxi cab', NULL, NULL, '2016-12-15 15:55:28', 'test', '2016-12-15 15:55:28', 'test'),
(37, 535, 'standing ovation', 'standing ovation', NULL, NULL, '2016-12-15 15:55:28', 'test', '2016-12-15 15:55:28', 'test'),
(37, 536, 'alarm clock', 'alarm clock', NULL, NULL, '2016-12-15 15:55:28', 'test', '2016-12-15 15:55:28', 'test'),
(37, 537, 'tool', 'tool', NULL, NULL, '2016-12-15 15:55:28', 'test', '2016-12-15 15:55:28', 'test'),
(37, 538, 'banana peel', 'banana peel', NULL, NULL, '2016-12-15 15:55:28', 'test', '2016-12-15 15:55:28', 'test'),
(37, 539, 'flagpole', 'flagpole', NULL, NULL, '2016-12-15 15:55:28', 'test', '2016-12-15 15:55:28', 'test'),
(37, 540, 'money', 'money', NULL, NULL, '2016-12-15 15:55:28', 'test', '2016-12-15 15:55:28', 'test'),
(37, 541, 'wallet', 'wallet', NULL, NULL, '2016-12-15 15:55:28', 'test', '2016-12-15 15:55:28', 'test'),
(37, 542, 'ballpoint pen', 'ballpoint pen', NULL, NULL, '2016-12-15 15:55:28', 'test', '2016-12-15 15:55:28', 'test'),
(37, 543, 'sunburn', 'sunburn', NULL, NULL, '2016-12-15 15:55:28', 'test', '2016-12-15 15:55:28', 'test'),
(37, 544, 'wedding ring', 'wedding ring', NULL, NULL, '2016-12-15 15:55:28', 'test', '2016-12-15 15:55:28', 'test'),
(37, 545, 'spy', 'spy', NULL, NULL, '2016-12-15 15:55:28', 'test', '2016-12-15 15:55:28', 'test'),
(37, 546, 'baby-sitter', 'baby-sitter', NULL, NULL, '2016-12-15 15:55:28', 'test', '2016-12-15 15:55:28', 'test'),
(37, 547, 'aunt', 'aunt', NULL, NULL, '2016-12-15 15:55:28', 'test', '2016-12-15 15:55:28', 'test'),
(37, 548, 'acne', 'acne', NULL, NULL, '2016-12-15 15:55:28', 'test', '2016-12-15 15:55:28', 'test'),
(37, 549, 'puzzle piece', 'puzzle piece', NULL, NULL, '2016-12-15 15:55:28', 'test', '2016-12-15 15:55:28', 'test'),
(37, 550, 'pawn', 'pawn', NULL, NULL, '2016-12-15 15:55:28', 'test', '2016-12-15 15:55:28', 'test'),
(37, 551, 'astronaut', 'astronaut', NULL, NULL, '2016-12-15 15:55:28', 'test', '2016-12-15 15:55:28', 'test'),
(37, 552, 'tennis shoes', 'tennis shoes', NULL, NULL, '2016-12-15 15:55:28', 'test', '2016-12-15 15:55:28', 'test'),
(37, 553, 'blue jeans', 'blue jeans', NULL, NULL, '2016-12-15 15:55:28', 'test', '2016-12-15 15:55:28', 'test'),
(37, 554, 'twig ', 'twig ', NULL, NULL, '2016-12-15 15:55:28', 'test', '2016-12-15 15:55:28', 'test'),
(37, 555, 'outer space ', 'outer space ', NULL, NULL, '2016-12-15 15:55:28', 'test', '2016-12-15 15:55:28', 'test'),
(37, 556, 'banister', 'banister', NULL, NULL, '2016-12-15 15:55:28', 'test', '2016-12-15 15:55:28', 'test'),
(37, 557, 'batteries ', 'batteries ', NULL, NULL, '2016-12-15 15:55:28', 'test', '2016-12-15 15:55:28', 'test'),
(37, 558, 'doghouse ', 'doghouse ', NULL, NULL, '2016-12-15 15:55:28', 'test', '2016-12-15 15:55:28', 'test'),
(37, 559, 'campsite', 'campsite', NULL, NULL, '2016-12-15 15:55:28', 'test', '2016-12-15 15:55:28', 'test'),
(37, 560, 'plumber ', 'plumber ', NULL, NULL, '2016-12-15 15:55:28', 'test', '2016-12-15 15:55:28', 'test'),
(37, 561, 'bedbug ', 'bedbug ', NULL, NULL, '2016-12-15 15:55:28', 'test', '2016-12-15 15:55:28', 'test'),
(37, 562, 'throne', 'throne', NULL, NULL, '2016-12-15 15:55:28', 'test', '2016-12-15 15:55:28', 'test'),
(37, 563, 'tiptoe ', 'tiptoe ', NULL, NULL, '2016-12-15 15:55:28', 'test', '2016-12-15 15:55:28', 'test'),
(37, 564, 'log ', 'log ', NULL, NULL, '2016-12-15 15:55:28', 'test', '2016-12-15 15:55:28', 'test'),
(37, 565, 'mute', 'mute', NULL, NULL, '2016-12-15 15:55:28', 'test', '2016-12-15 15:55:28', 'test'),
(37, 566, 'pogo stick ', 'pogo stick ', NULL, NULL, '2016-12-15 15:55:28', 'test', '2016-12-15 15:55:28', 'test'),
(37, 567, 'stoplight ', 'stoplight ', NULL, NULL, '2016-12-15 15:55:28', 'test', '2016-12-15 15:55:28', 'test'),
(37, 568, 'ceiling fan', 'ceiling fan', NULL, NULL, '2016-12-15 15:55:28', 'test', '2016-12-15 15:55:28', 'test'),
(37, 569, 'bedspread ', 'bedspread ', NULL, NULL, '2016-12-15 15:55:28', 'test', '2016-12-15 15:55:28', 'test'),
(37, 570, 'bite ', 'bite ', NULL, NULL, '2016-12-15 15:55:28', 'test', '2016-12-15 15:55:28', 'test'),
(37, 571, 'stove', 'stove', NULL, NULL, '2016-12-15 15:55:28', 'test', '2016-12-15 15:55:28', 'test'),
(37, 572, 'windmill ', 'windmill ', NULL, NULL, '2016-12-15 15:55:28', 'test', '2016-12-15 15:55:28', 'test'),
(37, 573, 'nightmare ', 'nightmare ', NULL, NULL, '2016-12-15 15:55:28', 'test', '2016-12-15 15:55:28', 'test'),
(37, 574, 'stripe', 'stripe', NULL, NULL, '2016-12-15 15:55:28', 'test', '2016-12-15 15:55:28', 'test'),
(37, 575, 'spring ', 'spring ', NULL, NULL, '2016-12-15 15:55:28', 'test', '2016-12-15 15:55:28', 'test'),
(37, 576, 'wristwatch ', 'wristwatch ', NULL, NULL, '2016-12-15 15:55:28', 'test', '2016-12-15 15:55:28', 'test'),
(37, 577, 'eat', 'eat', NULL, NULL, '2016-12-15 15:55:28', 'test', '2016-12-15 15:55:28', 'test'),
(37, 578, 'matchstick ', 'matchstick ', NULL, NULL, '2016-12-15 15:55:28', 'test', '2016-12-15 15:55:28', 'test'),
(37, 579, 'gumball ', 'gumball ', NULL, NULL, '2016-12-15 15:55:28', 'test', '2016-12-15 15:55:28', 'test'),
(37, 580, 'bobsled', 'bobsled', NULL, NULL, '2016-12-15 15:55:28', 'test', '2016-12-15 15:55:28', 'test'),
(37, 581, 'bonnet ', 'bonnet ', NULL, NULL, '2016-12-15 15:55:28', 'test', '2016-12-15 15:55:28', 'test'),
(37, 582, 'flock ', 'flock ', NULL, NULL, '2016-12-15 15:55:28', 'test', '2016-12-15 15:55:28', 'test'),
(37, 583, 'sprinkler', 'sprinkler', NULL, NULL, '2016-12-15 15:55:28', 'test', '2016-12-15 15:55:28', 'test'),
(37, 584, 'living room ', 'living room ', NULL, NULL, '2016-12-15 15:55:28', 'test', '2016-12-15 15:55:28', 'test'),
(37, 585, 'laugh ', 'laugh ', NULL, NULL, '2016-12-15 15:55:28', 'test', '2016-12-15 15:55:28', 'test'),
(37, 586, 'sneeze ', 'sneeze ', NULL, NULL, '2016-12-15 15:55:28', 'test', '2016-12-15 15:55:28', 'test'),
(37, 587, 'bud ', 'bud ', NULL, NULL, '2016-12-15 15:55:28', 'test', '2016-12-15 15:55:28', 'test'),
(37, 588, 'elf', 'elf', NULL, NULL, '2016-12-15 15:55:28', 'test', '2016-12-15 15:55:28', 'test'),
(37, 589, 'headache ', 'headache ', NULL, NULL, '2016-12-15 15:55:28', 'test', '2016-12-15 15:55:28', 'test'),
(37, 590, 'slam dunk ', 'slam dunk ', NULL, NULL, '2016-12-15 15:55:28', 'test', '2016-12-15 15:55:28', 'test'),
(37, 591, 'Internet', 'Internet', NULL, NULL, '2016-12-15 15:55:28', 'test', '2016-12-15 15:55:28', 'test'),
(37, 592, 'saddle ', 'saddle ', NULL, NULL, '2016-12-15 15:55:28', 'test', '2016-12-15 15:55:28', 'test'),
(37, 593, 'ironing board ', 'ironing board ', NULL, NULL, '2016-12-15 15:55:28', 'test', '2016-12-15 15:55:28', 'test'),
(37, 594, 'bathroom scale', 'bathroom scale', NULL, NULL, '2016-12-15 15:55:28', 'test', '2016-12-15 15:55:28', 'test'),
(37, 595, 'shopping cart ', 'shopping cart ', NULL, NULL, '2016-12-15 15:55:28', 'test', '2016-12-15 15:55:28', 'test'),
(37, 596, 'shipwreck', 'shipwreck', NULL, NULL, '2016-12-15 15:55:28', 'test', '2016-12-15 15:55:28', 'test'),
(37, 597, 'glide ', 'glide ', NULL, NULL, '2016-12-15 15:55:28', 'test', '2016-12-15 15:55:28', 'test'),
(37, 598, 'lamp', 'lamp', NULL, NULL, '2016-12-15 15:55:28', 'test', '2016-12-15 15:55:28', 'test'),
(37, 599, 'candlestick ', 'candlestick ', NULL, NULL, '2016-12-15 15:55:28', 'test', '2016-12-15 15:55:28', 'test'),
(37, 600, 'grandfather ', 'grandfather ', NULL, NULL, '2016-12-15 15:55:28', 'test', '2016-12-15 15:55:28', 'test'),
(37, 601, 'rocket', 'rocket', NULL, NULL, '2016-12-15 15:55:28', 'test', '2016-12-15 15:55:28', 'test'),
(37, 602, 'home ', 'home ', NULL, NULL, '2016-12-15 15:55:28', 'test', '2016-12-15 15:55:28', 'test'),
(37, 603, 'movies ', 'movies ', NULL, NULL, '2016-12-15 15:55:28', 'test', '2016-12-15 15:55:28', 'test'),
(37, 604, 'seesaw ', 'seesaw ', NULL, NULL, '2016-12-15 15:55:28', 'test', '2016-12-15 15:55:28', 'test'),
(37, 605, 'rollerblades', 'rollerblades', NULL, NULL, '2016-12-15 15:55:28', 'test', '2016-12-15 15:55:28', 'test'),
(37, 606, 'smog ', 'smog ', NULL, NULL, '2016-12-15 15:55:28', 'test', '2016-12-15 15:55:28', 'test'),
(37, 607, 'grill ', 'grill ', NULL, NULL, '2016-12-15 15:55:28', 'test', '2016-12-15 15:55:28', 'test'),
(37, 608, 'goblin', 'goblin', NULL, NULL, '2016-12-15 15:55:28', 'test', '2016-12-15 15:55:28', 'test'),
(37, 609, 'coach ', 'coach ', NULL, NULL, '2016-12-15 15:55:28', 'test', '2016-12-15 15:55:28', 'test'),
(37, 610, 'claw ', 'claw ', NULL, NULL, '2016-12-15 15:55:28', 'test', '2016-12-15 15:55:28', 'test'),
(37, 611, 'cloud', 'cloud', NULL, NULL, '2016-12-15 15:55:28', 'test', '2016-12-15 15:55:28', 'test'),
(37, 612, 'shelf ', 'shelf ', NULL, NULL, '2016-12-15 15:55:28', 'test', '2016-12-15 15:55:28', 'test'),
(37, 613, 'recycle ', 'recycle ', NULL, NULL, '2016-12-15 15:55:28', 'test', '2016-12-15 15:55:28', 'test'),
(37, 614, 'glue stick', 'glue stick', NULL, NULL, '2016-12-15 15:55:28', 'test', '2016-12-15 15:55:28', 'test'),
(37, 615, 'Christmas ', 'Christmas ', NULL, NULL, '2016-12-15 15:55:28', 'test', '2016-12-15 15:55:28', 'test'),
(37, 616, 'front porch ', 'front porch ', NULL, NULL, '2016-12-15 15:55:28', 'test', '2016-12-15 15:55:28', 'test'),
(37, 617, 'earache', 'earache', NULL, NULL, '2016-12-15 15:55:28', 'test', '2016-12-15 15:55:28', 'test'),
(37, 618, 'robot ', 'robot ', NULL, NULL, '2016-12-15 15:55:28', 'test', '2016-12-15 15:55:28', 'test'),
(37, 619, 'foil ', 'foil ', NULL, NULL, '2016-12-15 15:55:28', 'test', '2016-12-15 15:55:28', 'test'),
(37, 620, 'rib', 'rib', NULL, NULL, '2016-12-15 15:55:28', 'test', '2016-12-15 15:55:28', 'test'),
(37, 621, 'robe ', 'robe ', NULL, NULL, '2016-12-15 15:55:28', 'test', '2016-12-15 15:55:28', 'test'),
(37, 622, 'crumb ', 'crumb ', NULL, NULL, '2016-12-15 15:55:28', 'test', '2016-12-15 15:55:28', 'test'),
(37, 623, 'paperback', 'paperback', NULL, NULL, '2016-12-15 15:55:28', 'test', '2016-12-15 15:55:28', 'test'),
(37, 624, 'hurdle ', 'hurdle ', NULL, NULL, '2016-12-15 15:55:28', 'test', '2016-12-15 15:55:28', 'test'),
(37, 625, 'rattle ', 'rattle ', NULL, NULL, '2016-12-15 15:55:28', 'test', '2016-12-15 15:55:28', 'test'),
(37, 626, 'fetch', 'fetch', NULL, NULL, '2016-12-15 15:55:28', 'test', '2016-12-15 15:55:28', 'test'),
(37, 627, 'date ', 'date ', NULL, NULL, '2016-12-15 15:55:28', 'test', '2016-12-15 15:55:28', 'test'),
(37, 628, 'iPod ', 'iPod ', NULL, NULL, '2016-12-15 15:55:28', 'test', '2016-12-15 15:55:28', 'test'),
(37, 629, 'dance', 'dance', NULL, NULL, '2016-12-15 15:55:28', 'test', '2016-12-15 15:55:28', 'test'),
(37, 630, 'cello ', 'cello ', NULL, NULL, '2016-12-15 15:55:28', 'test', '2016-12-15 15:55:28', 'test'),
(37, 631, 'flute ', 'flute ', NULL, NULL, '2016-12-15 15:55:28', 'test', '2016-12-15 15:55:28', 'test'),
(37, 632, 'dock', 'dock', NULL, NULL, '2016-12-15 15:55:28', 'test', '2016-12-15 15:55:28', 'test'),
(37, 633, 'prize ', 'prize ', NULL, NULL, '2016-12-15 15:55:28', 'test', '2016-12-15 15:55:28', 'test'),
(37, 634, 'dollar ', 'dollar ', NULL, NULL, '2016-12-15 15:55:28', 'test', '2016-12-15 15:55:28', 'test'),
(37, 635, 'puppet', 'puppet', NULL, NULL, '2016-12-15 15:55:28', 'test', '2016-12-15 15:55:28', 'test'),
(37, 636, 'brass ', 'brass ', NULL, NULL, '2016-12-15 15:55:28', 'test', '2016-12-15 15:55:28', 'test'),
(37, 637, 'firefighter ', 'firefighter ', NULL, NULL, '2016-12-15 15:55:28', 'test', '2016-12-15 15:55:28', 'test'),
(37, 638, 'huddle', 'huddle', NULL, NULL, '2016-12-15 15:55:28', 'test', '2016-12-15 15:55:28', 'test'),
(37, 639, 'easel ', 'easel ', NULL, NULL, '2016-12-15 15:55:28', 'test', '2016-12-15 15:55:28', 'test'),
(37, 640, 'pigpen ', 'pigpen ', NULL, NULL, '2016-12-15 15:55:28', 'test', '2016-12-15 15:55:28', 'test'),
(37, 641, 'bunk bed', 'bunk bed', NULL, NULL, '2016-12-15 15:55:28', 'test', '2016-12-15 15:55:28', 'test'),
(37, 642, 'bowtie ', 'bowtie ', NULL, NULL, '2016-12-15 15:55:28', 'test', '2016-12-15 15:55:28', 'test'),
(37, 643, 'fiddle ', 'fiddle ', NULL, NULL, '2016-12-15 15:55:28', 'test', '2016-12-15 15:55:28', 'test'),
(37, 644, 'dentist', 'dentist', NULL, NULL, '2016-12-15 15:55:28', 'test', '2016-12-15 15:55:28', 'test'),
(37, 645, 'baseboards ', 'baseboards ', NULL, NULL, '2016-12-15 15:55:28', 'test', '2016-12-15 15:55:28', 'test'),
(37, 646, 'letter opener ', 'letter opener ', NULL, NULL, '2016-12-15 15:55:28', 'test', '2016-12-15 15:55:28', 'test'),
(37, 647, 'photographer', 'photographer', NULL, NULL, '2016-12-15 15:55:28', 'test', '2016-12-15 15:55:28', 'test'),
(37, 648, 'magic', 'magic', NULL, NULL, '2016-12-15 15:55:28', 'test', '2016-12-15 15:55:28', 'test'),
(37, 649, 'monster', 'monster', NULL, NULL, '2016-12-15 15:55:28', 'test', '2016-12-15 15:55:28', 'test');

-- --------------------------------------------------------

--
-- Table structure for table `gamedetails`
--

CREATE TABLE `gamedetails` (
  `gameId` int(5) NOT NULL COMMENT 'FK to game table',
  `categoryID` int(5) NOT NULL COMMENT 'codeTypeID for category',
  `userAccessId` int(5) NOT NULL COMMENT 'FK to userAccess',
  `teamID` int(5) NOT NULL,
  `teamID2` int(5) NOT NULL,
  `createdDateTime` datetime DEFAULT NULL,
  `updatedDateTime` datetime DEFAULT NULL,
  `updatedUserId` int(5) DEFAULT NULL,
  `teamIDScore` int(11) NOT NULL,
  `teamID2Score` int(11) NOT NULL
) ENGINE=InnoDB DEFAULT CHARSET=latin1;

--
-- Dumping data for table `gamedetails`
--

INSERT INTO `gamedetails` (`gameId`, `categoryID`, `userAccessId`, `teamID`, `teamID2`, `createdDateTime`, `updatedDateTime`, `updatedUserId`, `teamIDScore`, `teamID2Score`) VALUES
(1, 29, 4, 1, 2, '2016-12-01 12:04:37', '2016-12-01 12:04:37', 4, 0, 0),
(2, 29, 4, 1, 2, '2016-12-01 12:11:31', '2016-12-01 12:11:31', 4, 0, 0),
(3, 29, 4, 3, 4, '2016-12-03 14:56:02', '2016-12-03 14:56:02', 4, 0, 0),
(4, 29, 4, 3, 4, '2016-12-03 15:00:56', '2016-12-03 15:00:56', 4, 0, 0),
(5, 29, 4, 3, 4, '2016-12-03 15:03:21', '2016-12-03 15:03:21', 4, 0, 0),
(6, 29, 4, 3, 4, '2016-12-03 15:03:39', '2016-12-03 15:03:39', 4, 0, 0),
(7, 29, 4, 3, 4, '2016-12-03 15:04:58', '2016-12-03 15:04:58', 4, 0, 0),
(8, 29, 4, 5, 6, '2016-12-03 15:15:30', '2016-12-03 15:15:30', 4, 0, 0),
(9, 29, 4, 5, 7, '2016-12-03 15:15:52', '2016-12-03 15:15:52', 4, 0, 0),
(10, 29, 4, 8, 9, '2016-12-03 15:21:35', '2016-12-03 15:21:35', 4, 0, 0),
(11, 29, 4, 10, 11, '2016-12-03 15:24:08', '2016-12-03 15:24:08', 4, 0, 0),
(12, 29, 4, 12, 13, '2016-12-03 15:28:58', '2016-12-03 15:28:58', 4, 0, 0),
(13, 29, 4, 14, 15, '2016-12-03 15:30:53', '2016-12-03 15:30:53', 4, 0, 0),
(14, 29, 4, 16, 17, '2016-12-03 15:41:21', '2016-12-03 15:41:21', 4, 0, 0),
(15, 29, 4, 15, 18, '2016-12-03 15:47:11', '2016-12-03 15:47:11', 4, 0, 0),
(16, 29, 4, 19, 20, '2016-12-03 15:51:19', '2016-12-03 15:51:19', 4, 0, 0),
(17, 29, 4, 15, 18, '2016-12-03 15:58:24', '2016-12-03 15:58:24', 4, 0, 0),
(18, 29, 4, 13, 18, '2016-12-03 16:00:29', '2016-12-03 16:00:29', 4, 0, 0),
(19, 29, 4, 15, 18, '2016-12-03 16:53:00', '2016-12-03 16:53:00', 4, 0, 0),
(20, 29, 4, 15, 18, '2016-12-03 16:54:56', '2016-12-03 16:54:56', 4, 0, 0),
(21, 29, 4, 15, 18, '2016-12-03 17:05:29', '2016-12-03 17:05:29', 4, 0, 0),
(22, 29, 4, 15, 18, '2016-12-03 17:06:20', '2016-12-03 17:06:20', 4, 0, 0),
(23, 29, 4, 8, 9, '2016-12-03 17:06:58', '2016-12-03 17:06:58', 4, 0, 0),
(24, 29, 4, 21, 22, '2016-12-03 17:07:26', '2016-12-03 17:07:26', 4, 0, 0),
(25, 29, 4, 23, 24, '2016-12-03 17:08:14', '2016-12-03 17:08:14', 4, 0, 0),
(26, 29, 4, 24, 23, '2016-12-03 17:09:32', '2016-12-03 17:09:32', 4, 0, 0),
(27, 29, 4, 23, 24, '2016-12-03 17:10:23', '2016-12-03 17:10:23', 4, 0, 0),
(28, 29, 4, 23, 24, '2016-12-03 17:17:28', '2016-12-03 17:17:28', 4, 0, 0),
(29, 29, 4, 23, 24, '2016-12-03 17:18:25', '2016-12-03 17:18:25', 4, 0, 0),
(30, 29, 4, 23, 24, '2016-12-03 17:19:22', '2016-12-03 17:19:22', 4, 0, 0),
(31, 29, 4, 23, 25, '2016-12-03 17:27:03', '2016-12-03 17:27:03', 4, 0, 0),
(32, 29, 4, 23, 25, '2016-12-03 17:27:51', '2016-12-03 17:27:51', 4, 0, 0),
(33, 29, 4, 23, 24, '2016-12-03 17:30:20', '2016-12-03 17:30:20', 4, 0, 0),
(34, 29, 4, 23, 24, '2016-12-03 17:30:48', '2016-12-03 17:30:48', 4, 0, 0),
(35, 29, 4, 23, 24, '2016-12-03 17:31:09', '2016-12-03 17:31:09', 4, 0, 0),
(36, 29, 4, 26, 27, '2016-12-03 17:34:20', '2016-12-03 17:34:20', 4, 0, 0),
(37, 29, 4, 24, 23, '2016-12-03 17:48:19', '2016-12-03 17:48:19', 4, 0, 0),
(38, 29, 4, 24, 23, '2016-12-03 17:50:54', '2016-12-03 17:50:54', 4, 0, 0),
(39, 29, 4, 24, 23, '2016-12-03 17:52:54', '2016-12-03 17:52:54', 4, 0, 0),
(40, 29, 4, 24, 23, '2016-12-03 17:55:58', '2016-12-03 17:55:58', 4, 0, 0),
(41, 29, 4, 24, 23, '2016-12-03 17:56:33', '2016-12-03 17:56:33', 4, 0, 0),
(42, 29, 4, 24, 23, '2016-12-03 18:02:39', '2016-12-03 18:02:39', 4, 0, 0),
(43, 29, 4, 24, 23, '2016-12-03 18:04:17', '2016-12-03 18:04:17', 4, 0, 0),
(44, 29, 4, 24, 23, '2016-12-03 18:05:20', '2016-12-03 18:05:20', 4, 0, 0),
(45, 29, 4, 24, 23, '2016-12-03 18:14:31', '2016-12-03 18:14:31', 4, 0, 0),
(46, 29, 4, 24, 23, '2016-12-03 18:15:11', '2016-12-03 18:15:11', 4, 0, 0),
(47, 29, 4, 24, 23, '2016-12-03 18:16:03', '2016-12-03 18:16:03', 4, 0, 0),
(48, 29, 4, 24, 23, '2016-12-03 18:17:40', '2016-12-03 18:17:40', 4, 0, 0),
(49, 29, 4, 24, 23, '2016-12-03 18:18:54', '2016-12-03 18:18:54', 4, 0, 0),
(50, 29, 4, 24, 23, '2016-12-03 18:19:22', '2016-12-03 18:19:22', 4, 0, 0),
(51, 29, 4, 24, 23, '2016-12-03 18:21:53', '2016-12-03 18:21:53', 4, 0, 0),
(52, 29, 4, 24, 23, '2016-12-03 18:23:05', '2016-12-03 18:23:05', 4, 0, 0),
(53, 29, 4, 26, 27, '2016-12-03 18:25:02', '2016-12-03 18:25:02', 4, 0, 0),
(54, 29, 4, 26, 27, '2016-12-03 18:25:38', '2016-12-03 18:25:38', 4, 0, 0),
(55, 29, 4, 26, 27, '2016-12-03 18:31:51', '2016-12-03 18:31:51', 4, 0, 0),
(56, 29, 4, 26, 27, '2016-12-03 18:32:39', '2016-12-03 18:32:39', 4, 0, 0),
(57, 29, 4, 23, 24, '2016-12-03 18:35:26', '2016-12-03 18:35:26', 4, 0, 0),
(58, 29, 4, 23, 24, '2016-12-03 18:36:53', '2016-12-03 18:36:53', 4, 0, 0),
(59, 29, 4, 23, 24, '2016-12-03 18:43:19', '2016-12-03 18:43:19', 4, 0, 0),
(60, 29, 4, 24, 23, '2016-12-03 18:43:59', '2016-12-03 18:43:59', 4, 0, 0),
(61, 29, 4, 24, 23, '2016-12-03 18:44:18', '2016-12-03 18:44:18', 4, 0, 0),
(62, 29, 4, 24, 23, '2016-12-03 18:46:50', '2016-12-03 18:46:50', 4, 0, 0),
(63, 29, 4, 23, 24, '2016-12-03 18:49:50', '2016-12-03 18:49:50', 4, 0, 0),
(64, 29, 4, 23, 24, '2016-12-03 18:51:43', '2016-12-03 18:51:43', 4, 0, 0),
(65, 29, 4, 23, 24, '2016-12-03 18:52:45', '2016-12-03 18:52:45', 4, 0, 0),
(66, 29, 4, 23, 24, '2016-12-03 18:55:17', '2016-12-03 18:55:17', 4, 0, 0),
(67, 29, 4, 24, 23, '2016-12-03 18:58:21', '2016-12-03 18:58:21', 4, 0, 0),
(68, 29, 4, 24, 23, '2016-12-03 18:58:59', '2016-12-03 18:58:59', 4, 0, 0),
(69, 29, 4, 23, 28, '2016-12-03 18:59:25', '2016-12-03 18:59:25', 4, 0, 0),
(70, 29, 4, 23, 28, '2016-12-03 19:10:15', '2016-12-03 19:10:15', 4, 0, 0),
(71, 29, 4, 23, 24, '2016-12-03 22:09:17', '2016-12-03 22:09:17', 4, 0, 0),
(72, 29, 4, 23, 24, '2016-12-03 22:11:31', '2016-12-03 22:11:31', 4, 0, 0),
(73, 29, 4, 23, 24, '2016-12-03 22:12:42', '2016-12-03 22:12:42', 4, 0, 0),
(74, 29, 4, 23, 24, '2016-12-03 22:13:09', '2016-12-03 22:13:09', 4, 0, 0),
(75, 29, 4, 23, 24, '2016-12-03 22:14:26', '2016-12-03 22:14:26', 4, 0, 0),
(76, 29, 4, 23, 24, '2016-12-03 22:19:14', '2016-12-03 22:19:14', 4, 0, 0),
(77, 29, 4, 23, 24, '2016-12-03 22:19:56', '2016-12-03 22:19:56', 4, 0, 0),
(78, 29, 4, 23, 24, '2016-12-03 22:20:10', '2016-12-03 22:20:10', 4, 0, 0),
(79, 29, 4, 23, 24, '2016-12-03 22:23:27', '2016-12-03 22:23:27', 4, 0, 0),
(80, 29, 4, 23, 24, '2016-12-03 22:24:26', '2016-12-03 22:24:26', 4, 0, 0),
(81, 29, 4, 23, 24, '2016-12-03 22:31:19', '2016-12-03 22:31:19', 4, 0, 0),
(82, 29, 4, 23, 24, '2016-12-03 22:31:58', '2016-12-03 22:31:58', 4, 0, 0),
(83, 29, 4, 23, 24, '2016-12-03 22:32:35', '2016-12-03 22:32:35', 4, 0, 0),
(84, 32, 4, 12, 13, '2016-12-03 22:33:44', '2016-12-03 22:33:44', 4, 0, 0),
(85, 32, 4, 12, 13, '2016-12-03 22:36:31', '2016-12-03 22:36:31', 4, 0, 0),
(86, 32, 4, 12, 13, '2016-12-03 22:37:11', '2016-12-03 22:37:11', 4, 0, 0),
(87, 29, 4, 23, 24, '2016-12-03 22:39:56', '2016-12-03 22:39:56', 4, 0, 0),
(88, 29, 4, 23, 24, '2016-12-03 22:44:53', '2016-12-03 22:44:53', 4, 0, 0),
(89, 29, 4, 23, 24, '2016-12-03 22:46:07', '2016-12-03 22:46:07', 4, 0, 0),
(90, 29, 4, 23, 24, '2016-12-04 13:17:35', '2016-12-04 13:17:35', 4, 0, 0),
(91, 29, 4, 23, 24, '2016-12-04 13:23:50', '2016-12-04 13:23:50', 4, 0, 0),
(92, 29, 4, 23, 24, '2016-12-04 13:29:08', '2016-12-04 13:29:08', 4, 0, 0),
(93, 29, 4, 23, 24, '2016-12-04 13:30:13', '2016-12-04 13:30:13', 4, 0, 0),
(94, 29, 4, 23, 24, '2016-12-04 13:48:52', '2016-12-04 13:48:53', 4, 0, 1),
(95, 29, 4, 23, 24, '2016-12-04 13:51:35', '2016-12-04 13:51:36', 4, 0, 1),
(96, 29, 4, 23, 24, '2016-12-04 13:51:40', '2016-12-04 13:51:41', 4, 0, 1),
(97, 29, 4, 23, 24, '2016-12-04 13:51:46', '2016-12-04 13:51:47', 4, 0, 1),
(98, 29, 4, 23, 24, '2016-12-04 13:52:54', '2016-12-04 13:52:56', 4, 2, 3),
(99, 29, 4, 29, 30, '2016-12-04 13:56:28', '2016-12-04 13:56:37', 4, 26, 27),
(100, 30, 4, 8, 9, '2016-12-04 14:24:42', '2016-12-04 14:24:42', 4, 0, 1),
(101, 30, 4, 8, 9, '2016-12-04 14:25:27', '2016-12-04 14:25:28', 4, 0, 1),
(102, 30, 4, 8, 9, '2016-12-04 14:25:35', '2016-12-04 14:25:36', 4, 2, 2),
(103, 29, 4, 8, 9, '2016-12-04 14:28:59', '2016-12-04 14:29:09', 4, 26, 27),
(104, 29, 4, 8, 9, '2016-12-04 14:31:28', '2016-12-04 14:31:38', 4, 26, 27),
(105, 35, 4, 8, 9, '2016-12-04 14:34:10', '2016-12-04 14:34:13', 4, 7, 7),
(106, 35, 4, 8, 9, '2016-12-04 14:36:51', '2016-12-04 14:36:54', 4, 7, 7),
(107, 35, 4, 8, 9, '2016-12-04 14:37:06', '2016-12-04 14:37:10', 4, 7, 8),
(108, 35, 4, 8, 9, '2016-12-04 14:52:24', '2016-12-04 14:52:27', 4, 6, 8),
(109, 35, 4, 8, 9, '2016-12-04 15:09:39', '2016-12-04 15:09:42', 4, 6, 8),
(110, 35, 4, 8, 9, '2016-12-04 15:10:20', '2016-12-04 15:10:22', 4, 6, 8),
(111, 35, 4, 31, 32, '2016-12-04 15:10:37', '2016-12-04 15:10:39', 4, 6, 8),
(112, 35, 4, 8, 21, '2016-12-04 15:11:10', '2016-12-04 15:11:13', 4, 6, 8),
(113, 29, 4, 8, 9, '2016-12-04 15:13:52', '2016-12-04 15:13:55', 4, 6, 8),
(114, 29, 4, 8, 9, '2016-12-04 15:14:15', '2016-12-04 15:14:17', 4, 3, 4),
(115, 29, 4, 8, 9, '2016-12-04 15:14:17', '2016-12-04 15:14:18', 4, 1, 2),
(116, 29, 4, 8, 9, '2016-12-04 15:14:18', '2016-12-04 15:14:21', 4, 7, 8),
(117, 29, 4, 8, 9, '2016-12-04 15:15:04', '2016-12-04 15:15:07', 4, 6, 8),
(118, 29, 4, 23, 24, '2016-12-04 15:16:55', '2016-12-04 15:16:57', 4, 6, 8),
(119, 29, 4, 23, 24, '2016-12-04 15:17:22', '2016-12-04 15:19:06', 4, 26, 27),
(120, 29, 4, 23, 24, '2016-12-04 15:20:43', '2016-12-04 15:20:46', 4, 6, 8),
(121, 29, 4, 23, 24, '2016-12-04 15:22:05', '2016-12-04 15:23:27', 4, 17, 19),
(122, 29, 4, 23, 24, '2016-12-04 15:23:28', '2016-12-04 15:23:31', 4, 6, 8),
(123, 29, 4, 23, 24, '2016-12-04 15:24:17', '2016-12-04 15:24:28', 4, 8, 9),
(124, 29, 4, 23, 24, '2016-12-04 15:24:31', '2016-12-04 15:24:34', 4, 6, 8),
(125, 29, 4, 8, 9, '2016-12-04 15:28:45', '2016-12-04 15:28:48', 4, 7, 8),
(126, 29, 4, 8, 9, '2016-12-04 15:28:48', '2016-12-04 15:28:51', 4, 6, 8),
(127, 29, 4, 8, 9, '2016-12-04 15:28:51', '2016-12-04 15:28:54', 4, 7, 8),
(128, 29, 4, 8, 9, '2016-12-04 15:28:54', '2016-12-04 15:28:56', 4, 6, 8),
(129, 29, 4, 8, 9, '2016-12-04 15:28:56', '2016-12-04 15:28:59', 4, 6, 8),
(130, 29, 4, 8, 9, '2016-12-04 15:28:59', '2016-12-04 15:29:02', 4, 6, 8),
(131, 29, 4, 8, 9, '2016-12-04 15:29:02', '2016-12-04 15:29:05', 4, 6, 8),
(132, 29, 4, 8, 9, '2016-12-04 15:29:05', '2016-12-04 15:29:08', 4, 6, 8),
(133, 29, 4, 8, 9, '2016-12-04 15:29:08', '2016-12-04 15:29:11', 4, 6, 8),
(134, 29, 4, 8, 9, '2016-12-04 15:29:11', '2016-12-04 15:29:13', 4, 6, 8),
(135, 29, 4, 8, 9, '2016-12-04 15:29:13', '2016-12-04 15:29:18', 4, 8, 9),
(136, 29, 4, 8, 9, '2016-12-04 15:29:16', '2016-12-04 15:29:17', 4, 2, 3),
(137, 29, 4, 8, 9, '2016-12-04 15:29:18', '2016-12-04 15:29:21', 4, 6, 6),
(138, 29, 4, 8, 9, '2016-12-04 15:29:59', '2016-12-04 15:30:01', 4, 6, 7),
(139, 29, 4, 8, 9, '2016-12-04 15:30:02', '2016-12-04 15:30:04', 4, 6, 7),
(140, 29, 4, 8, 9, '2016-12-04 15:30:04', '2016-12-04 15:30:07', 4, 6, 7),
(141, 29, 4, 8, 9, '2016-12-04 15:30:07', '2016-12-04 15:30:10', 4, 6, 7),
(142, 29, 4, 8, 9, '2016-12-04 15:30:10', '2016-12-04 15:30:11', 4, 2, 3),
(143, 29, 4, 33, 34, '2016-12-04 15:30:28', '2016-12-04 15:30:32', 4, 6, 7),
(144, 29, 4, 33, 34, '2016-12-04 15:30:32', '2016-12-04 15:30:34', 4, 6, 7),
(145, 29, 4, 33, 34, '2016-12-04 15:30:35', '2016-12-04 15:30:37', 4, 6, 7),
(146, 29, 4, 33, 34, '2016-12-04 15:30:37', '2016-12-04 15:30:40', 4, 6, 7),
(147, 29, 4, 33, 34, '2016-12-04 15:30:40', '2016-12-04 15:30:43', 4, 6, 7),
(148, 29, 4, 33, 34, '2016-12-04 15:30:43', '2016-12-04 15:31:02', 4, 7, 8),
(149, 29, 4, 33, 34, '2016-12-04 15:30:46', '2016-12-04 15:30:49', 4, 6, 7),
(150, 29, 4, 33, 34, '2016-12-04 15:30:49', '2016-12-04 15:30:51', 4, 6, 7),
(151, 29, 4, 33, 34, '2016-12-04 15:30:52', '2016-12-04 15:31:00', 4, 7, 8),
(152, 29, 4, 33, 34, '2016-12-04 15:30:54', '2016-12-04 15:30:57', 4, 6, 7),
(153, 29, 4, 33, 34, '2016-12-04 15:30:57', '2016-12-04 15:30:58', 4, 2, 2),
(154, 29, 4, 33, 34, '2016-12-04 15:31:00', '2016-12-04 15:31:00', 4, 0, 1),
(155, 29, 4, 33, 34, '2016-12-04 15:31:02', '2016-12-04 15:31:03', 4, 2, 3),
(156, 29, 4, 8, 21, '2016-12-04 15:32:12', '2016-12-04 15:32:14', 4, 6, 7),
(157, 29, 4, 35, 9, '2016-12-11 16:08:17', '2016-12-11 16:08:20', 4, 6, 7),
(158, 29, 4, 36, 37, '2016-12-11 16:21:23', '2016-12-11 16:21:26', 4, 6, 7),
(159, 29, 4, 37, 36, '2016-12-11 16:21:47', '2016-12-11 16:21:50', 4, 6, 7),
(160, 29, 4, 36, 37, '2016-12-11 16:23:04', '2016-12-11 16:23:07', 4, 6, 7),
(161, 29, 4, 37, 36, '2016-12-11 16:23:38', '2016-12-11 16:23:41', 4, 6, 7),
(162, 29, 4, 36, 37, '2016-12-11 16:23:56', '2016-12-11 16:23:59', 4, 6, 7),
(163, 29, 4, 37, 36, '2016-12-11 16:25:18', '2016-12-11 16:25:20', 4, 6, 7),
(164, 29, 4, 36, 37, '2016-12-11 16:26:49', '2016-12-11 16:26:52', 4, 6, 7),
(165, 29, 4, 37, 36, '2016-12-11 16:28:11', '2016-12-11 16:28:14', 4, 6, 7),
(166, 29, 4, 8, 9, '2016-12-11 16:30:17', '2016-12-11 16:34:27', 4, 4, 2),
(167, 29, 4, 36, 37, '2016-12-11 16:35:13', '2016-12-11 16:35:13', 4, 0, 0),
(168, 29, 4, 36, 37, '2016-12-11 16:36:51', '2016-12-11 16:37:23', 4, 0, 1),
(169, 29, 4, 36, 37, '2016-12-11 16:42:44', '2016-12-11 16:44:20', 4, 1, 1),
(170, 29, 4, 38, 29, '2016-12-12 14:40:47', '2016-12-12 14:46:50', 4, 7, 2),
(171, 36, 4, 38, 29, '2016-12-12 14:49:58', '2016-12-12 14:53:30', 4, 2, 4),
(172, 35, 4, 38, 29, '2016-12-12 14:54:31', '2016-12-12 14:55:23', 4, 1, 0),
(173, 29, 4, 8, 9, '2016-12-15 15:21:55', '2016-12-15 15:36:39', 4, 7, 5),
(174, 37, 4, 37, 39, '2016-12-15 15:55:43', '2016-12-15 15:55:43', 4, 0, 0);

-- --------------------------------------------------------

--
-- Table structure for table `teams`
--

CREATE TABLE `teams` (
  `teamID` int(5) NOT NULL,
  `teamName` varchar(30) NOT NULL,
  `wins` int(4) NOT NULL,
  `losses` int(4) NOT NULL,
  `totalGames` int(4) NOT NULL
) ENGINE=InnoDB DEFAULT CHARSET=latin1;

--
-- Dumping data for table `teams`
--

INSERT INTO `teams` (`teamID`, `teamName`, `wins`, `losses`, `totalGames`) VALUES
(1, 'team one', 0, 0, 0),
(2, 'team two', 0, 0, 0),
(3, 'yeah', 0, 0, 0),
(4, 'no', 0, 0, 0),
(5, 'sure', 0, 0, 0),
(6, 'why not', 0, 0, 0),
(7, 'wwhy not', 0, 0, 0),
(8, 'test', 1, 0, 1),
(9, 'test2', 0, 1, 1),
(10, 'k', 0, 0, 0),
(11, 'not k', 0, 0, 0),
(12, '1', 0, 0, 0),
(13, '2', 0, 0, 0),
(14, '3', 0, 0, 0),
(15, '4', 0, 0, 0),
(16, '12', 0, 0, 0),
(17, '6', 0, 0, 0),
(18, '5', 0, 0, 0),
(19, 'pork', 0, 0, 0),
(20, 'lamb', 0, 0, 0),
(21, 'test3', 0, 0, 0),
(22, 'test4', 0, 0, 0),
(23, 'asdf', 0, 0, 0),
(24, 'qwer', 0, 0, 0),
(25, 'asdf2', 0, 0, 0),
(26, 'qwetr', 0, 0, 0),
(27, 'afg', 0, 0, 0),
(28, 'adf', 0, 0, 0),
(29, 'keegan', 1, 1, 2),
(30, 'kyle', 0, 0, 0),
(31, 'esd', 0, 0, 0),
(32, 'esas', 0, 0, 0),
(33, 'rwe', 0, 0, 0),
(34, 'reqasdf', 0, 0, 0),
(35, 'test1', 0, 0, 0),
(36, 'purple', 4, 5, 1),
(37, 'blue', 5, 4, 1),
(38, 'zach', 1, 1, 2),
(39, 'Purpole', 0, 0, 0);

-- --------------------------------------------------------

--
-- Table structure for table `useraccess`
--

CREATE TABLE `useraccess` (
  `userAccessId` int(5) NOT NULL,
  `username` varchar(100) NOT NULL COMMENT 'Unique user name for app',
  `password` varchar(128) NOT NULL,
  `userTypeCode` int(3) NOT NULL DEFAULT '1' COMMENT 'Code type #1',
  `createdDateTime` datetime DEFAULT NULL COMMENT 'When user was created.'
) ENGINE=InnoDB DEFAULT CHARSET=latin1;

--
-- Dumping data for table `useraccess`
--

INSERT INTO `useraccess` (`userAccessId`, `username`, `password`, `userTypeCode`, `createdDateTime`) VALUES
(1, 'hank', 'hank', 1, '2016-11-26 10:24:01'),
(2, 'fred', 'fred', 1, '2016-11-26 10:41:42'),
(3, 'bill', 'bill', 1, '2016-11-26 11:34:24'),
(4, 'test', ' ', 1, '2016-11-26 19:14:19');

--
-- Indexes for dumped tables
--

--
-- Indexes for table `codetype`
--
ALTER TABLE `codetype`
  ADD PRIMARY KEY (`CodeTypeId`);

--
-- Indexes for table `codevalue`
--
ALTER TABLE `codevalue`
  ADD PRIMARY KEY (`codeValueSequence`),
  ADD KEY `codeTypeId` (`codeTypeId`);

--
-- Indexes for table `gamedetails`
--
ALTER TABLE `gamedetails`
  ADD PRIMARY KEY (`gameId`),
  ADD KEY `categoryID` (`categoryID`),
  ADD KEY `teamID` (`teamID`),
  ADD KEY `teamID2` (`teamID2`),
  ADD KEY `userAccessId` (`userAccessId`);

--
-- Indexes for table `teams`
--
ALTER TABLE `teams`
  ADD PRIMARY KEY (`teamID`);

--
-- Indexes for table `useraccess`
--
ALTER TABLE `useraccess`
  ADD PRIMARY KEY (`userAccessId`),
  ADD KEY `userTypeCode` (`userTypeCode`);

--
-- AUTO_INCREMENT for dumped tables
--

--
-- AUTO_INCREMENT for table `codetype`
--
ALTER TABLE `codetype`
  MODIFY `CodeTypeId` int(3) NOT NULL AUTO_INCREMENT COMMENT 'This is the primary key for code types', AUTO_INCREMENT=38;
--
-- AUTO_INCREMENT for table `codevalue`
--
ALTER TABLE `codevalue`
  MODIFY `codeValueSequence` int(3) NOT NULL AUTO_INCREMENT, AUTO_INCREMENT=650;
--
-- AUTO_INCREMENT for table `gamedetails`
--
ALTER TABLE `gamedetails`
  MODIFY `gameId` int(5) NOT NULL AUTO_INCREMENT COMMENT 'FK to game table', AUTO_INCREMENT=175;
--
-- AUTO_INCREMENT for table `teams`
--
ALTER TABLE `teams`
  MODIFY `teamID` int(5) NOT NULL AUTO_INCREMENT, AUTO_INCREMENT=40;
--
-- AUTO_INCREMENT for table `useraccess`
--
ALTER TABLE `useraccess`
  MODIFY `userAccessId` int(5) NOT NULL AUTO_INCREMENT, AUTO_INCREMENT=5;
--
-- Constraints for dumped tables
--

--
-- Constraints for table `codevalue`
--
ALTER TABLE `codevalue`
  ADD CONSTRAINT `codeTypeId` FOREIGN KEY (`codeTypeId`) REFERENCES `codetype` (`CodeTypeId`);

--
-- Constraints for table `gamedetails`
--
ALTER TABLE `gamedetails`
  ADD CONSTRAINT `categoryID` FOREIGN KEY (`categoryID`) REFERENCES `codetype` (`CodeTypeId`),
  ADD CONSTRAINT `teamID` FOREIGN KEY (`teamID`) REFERENCES `teams` (`teamID`),
  ADD CONSTRAINT `teamID2` FOREIGN KEY (`teamID2`) REFERENCES `teams` (`teamID`),
  ADD CONSTRAINT `userAccessId` FOREIGN KEY (`userAccessId`) REFERENCES `useraccess` (`userAccessId`);

/*!40101 SET CHARACTER_SET_CLIENT=@OLD_CHARACTER_SET_CLIENT */;
/*!40101 SET CHARACTER_SET_RESULTS=@OLD_CHARACTER_SET_RESULTS */;
/*!40101 SET COLLATION_CONNECTION=@OLD_COLLATION_CONNECTION */;


